nombre;edad;sexo;rut
Nigel Dickens;36;mujer;41966463-4
Xavier Stuart;42;hombre;52189199-8
Thierry Shaw;21;mujer;15333675-k
Bronwyn Orozco;43;mujer;61993529-2
Tatiana Williams;49;mujer;23711490-6
Frederic Brooks;44;mujer;37630974-6
Jasper Harvey;54;mujer;32359787-1
Charlie Rahman;53;mujer;99837067-1
Milena Bright;37;hombre;12957899-8
John-James Burton;46;hombre;60747994-1
Abubakar Bowler;25;mujer;90471139-k
Christie Zavala;55;mujer;44604413-3
Naima Perez;40;hombre;89265324-0
Dante Nava;44;mujer;88732812-9
Kajal Short;27;hombre;40644356-6
Humairaa Knights;19;mujer;70368495-5
Ranveer Cope;23;mujer;58963604-k
Gregg Douglas;55;mujer;18902520-3
Ava Gilbert;21;mujer;81203114-7
Gerrard Ho;47;mujer;22150901-3
Jardel Keith;58;hombre;40597717-6
Reiss Lutz;29;hombre;19410523-1
Rhydian Keeling;22;mujer;44372095-2
Aisling Chaney;51;mujer;80228379-2
Mahnoor Legge;24;hombre;96828461-4
Lily-Rose Wharton;49;mujer;43329730-k
Jacques Carter;41;mujer;75910499-4
Samad Neville;32;mujer;54122700-8
Clarke Mcloughlin;28;hombre;83330704-5
Maiya Villa;48;mujer;20789297-1
Arianna Vazquez;57;mujer;50319391-4
Reya Bruce;52;mujer;53383454-k
Karter Swan;43;hombre;48996426-0
Allison Costa;38;mujer;83029887-8
Anis Cohen;32;hombre;37376941-k
Jake Hatfield;19;hombre;64501886-9
Nathaniel Mcgill;54;hombre;54593722-0
Marnie Macfarlane;27;mujer;31194216-6
Luther Simon;21;mujer;67314332-6
Taiba Richmond;55;mujer;49628420-8
Olivia-Mae Hicks;32;hombre;26135720-8
Haleemah Baxter;23;mujer;14408869-7
Lance Weber;20;mujer;26249833-6
Cai Mcneil;39;mujer;35115737-2
Cally Hopper;34;mujer;38578737-5
Shane Kelly;43;mujer;34823992-9
Liyah Cooper;22;hombre;93176945-6
Shahzaib Espinoza;50;mujer;34975310-3
Suzanna Romero;49;hombre;80558312-6
Matias Strickland;52;hombre;88408240-4
Ahsan Flynn;46;hombre;71389826-0
Denise Daniel;40;mujer;53281073-6
Isabell Hogan;26;hombre;96735305-1
Imran Senior;40;mujer;30991735-9
Jose Farrell;39;hombre;80640357-1
Montgomery Cornish;19;hombre;13370165-6
Rodney Woodcock;31;hombre;12205074-2
Derrick Fritz;52;mujer;34996262-4
Ralphy Phan;28;hombre;94362008-3
Camron Chaney;50;hombre;70366259-5
Suranne Byrd;46;hombre;36600416-5
Ziva Langley;47;hombre;75129314-3
Ayaan Bass;45;hombre;59105378-7
Patryk Enriquez;46;hombre;54121962-5
Asma Brook;32;mujer;35806868-5
Junayd Andersen;43;hombre;67902197-4
Kaiya Huerta;45;mujer;87371798-k
Linzi Wong;46;mujer;14200344-9
Trey Saunders;57;hombre;23494123-2
Roseanne Nguyen;50;mujer;45856781-6
Fahad Diaz;34;hombre;26849996-2
Ivy-Rose Mcclure;54;mujer;41659296-9
Margaux Cleveland;56;hombre;44973013-5
Toby Petty;31;hombre;84593882-2
Mariah Wyatt;27;hombre;58038177-4
Lily-Mae O'Quinn;58;hombre;68147125-1
Arissa Webb;49;hombre;54363208-2
Leanne Weeks;30;hombre;31359212-k
Olivia-Rose Fuentes;48;hombre;22249624-1
Priya Oneil;39;mujer;96213582-k
Keaton Mccall;50;hombre;54480341-7
Esme-Rose Wicks;29;hombre;41325900-2
Clayton Mckenna;37;mujer;75397524-1
Aimie Sears;27;hombre;72018152-5
Claudia Avery;20;hombre;44626695-0
Alicja Magana;28;mujer;56744324-8
Thierry Hurley;41;mujer;82254885-7
Deanne Villarreal;38;mujer;67753422-2
Karina Morgan;49;hombre;97632307-6
Darryl Carlson;57;hombre;28673876-1
Jaiden Sampson;18;mujer;89477804-0
Janine Keller;38;hombre;45624249-9
Cora Camacho;38;mujer;70551235-3
Denis Mann;43;mujer;92946711-6
Caitlan Whitehouse;30;mujer;50728559-7
Emillie Frye;34;hombre;98661210-6
Kaleem Hill;36;hombre;60727093-7
Manisha Stephens;56;mujer;65485230-8
Maude Arnold;42;hombre;59129614-0
Lori Forrest;30;hombre;69822376-6
Zunairah Mcgee;45;mujer;53087333-1
Xander Simmonds;23;hombre;91258242-6
Calista Cummings;53;mujer;17341224-k
Ayomide Mosley;29;mujer;46531952-6
Becky Strickland;29;hombre;49641463-2
Leigha Chavez;36;hombre;58812264-6
Irfan Britton;25;hombre;52158784-9
Tasmin Crossley;40;hombre;75020925-4
Korban Robbins;60;mujer;38629675-8
Homer Jacobson;42;mujer;37797879-k
Freddy Simons;29;hombre;52698782-9
Elissa Schmidt;53;mujer;60926655-4
Rita Kouma;50;hombre;58378678-3
Amber-Rose Wardle;48;hombre;92244003-4
Cheyanne Petersen;37;mujer;89751595-4
Carolina Gomez;37;hombre;35414863-3
Piotr Glenn;52;mujer;81881771-1
Huw Lewis;29;hombre;79348268-k
Keagan Hope;26;hombre;91957637-5
Tudor Proctor;58;mujer;76362168-5
Winston Castro;55;mujer;10537138-1
Frances Hartman;56;mujer;94559048-3
Chandni Stanton;50;mujer;11904025-6
Harlan Goodman;43;hombre;78413522-5
Mohamed Mcclain;57;hombre;13863556-2
Lennox Mcculloch;53;mujer;29637564-0
Ajwa Daly;60;mujer;87624695-3
Ameera Edwards;35;mujer;64367868-3
Vincenzo Preece;49;mujer;45026733-3
Che Partridge;39;mujer;16943787-4
Maisy Bright;48;hombre;77191435-7
Vickie Clifford;19;mujer;10927357-0
Ricardo Devine;43;mujer;66976509-6
Hadley Acosta;45;mujer;32086803-3
Belinda Chamberlain;37;hombre;76762441-7
Tayyib Davila;47;mujer;47121914-2
Karol Knights;36;mujer;23047484-2
Layton Hodge;20;mujer;73026642-1
Akeem Odonnell;20;hombre;21016824-9
Danyal Steele;49;mujer;59749734-2
Cari Welch;54;mujer;48592540-6
Roosevelt Charlton;33;mujer;70433997-6
Pola Finney;25;mujer;10339840-1
Annaliese Mckinney;30;hombre;69767927-8
Princess Guest;56;mujer;73454838-3
Sonnie Pugh;58;mujer;34039148-9
Lola-Mae Whittaker;58;hombre;93591226-1
Asmaa Allman;44;hombre;58648727-2
Zac Mcgill;40;mujer;88107942-9
Harvie Bonilla;35;mujer;46805723-9
Asha Guthrie;19;hombre;92390198-1
Hamaad Barajas;50;hombre;17611254-9
Harvey-Lee Burch;22;mujer;78301240-5
Kamran Santos;20;hombre;90730270-9
Junior Bryant;24;mujer;25919808-9
Stefan Allen;57;mujer;92060023-9
Haidar Moreno;30;hombre;91346186-k
Shayaan Watkins;19;hombre;56405384-8
Khadija Dalby;43;mujer;32153494-5
Billie Kaur;38;mujer;54546935-9
Mimi Harris;49;hombre;48269008-4
Kierran Stanton;27;hombre;50942616-3
Isabell Goodwin;40;hombre;84327091-3
Tiffany Cantu;25;hombre;66714421-3
Skye Gray;49;mujer;48007583-8
Lemar Cullen;28;hombre;14585428-8
Maariya Enriquez;30;hombre;25450277-4
Ayana Portillo;23;mujer;60456055-1
Humayra Palacios;32;hombre;90494178-6
Mea Dorsey;37;hombre;95199785-4
Ammaar Carty;48;hombre;13947632-8
Dainton Pratt;24;mujer;29004298-4
Waleed Aguirre;53;hombre;63968995-6
Karis Downes;58;mujer;42494071-2
Annabelle Mullins;35;hombre;11123767-0
Kaeden Knapp;53;mujer;37285914-8
Jobe Reyes;26;hombre;79725852-0
Ilayda Whitehouse;29;mujer;11118739-8
Nasir Jenkins;19;hombre;45273848-1
Jonny Newton;50;mujer;33461512-k
Sabrina Gillespie;47;hombre;27626683-7
Frances Corrigan;25;mujer;12920124-k
Yunus Galloway;20;mujer;15955355-8
Robyn Hyde;55;hombre;14495790-3
Rebecca Sheehan;56;hombre;49552236-9
Sakina Stewart;49;hombre;40161573-3
India Camacho;22;mujer;12969098-4
Ella-Mai Butt;55;mujer;41775238-2
Maia Glover;22;mujer;52792841-9
Aryan Hastings;25;hombre;82533150-6
Hashir Hendricks;49;mujer;38100857-6
Yash Wallace;19;mujer;69691126-6
Harlow Woods;19;hombre;99302343-4
Ariadne Hibbert;40;mujer;35155157-7
Miller Fletcher;57;hombre;35340502-0
Kymani Rahman;49;hombre;95711978-6
Gaia Pearson;31;mujer;23686910-5
Asiya Short;49;hombre;98357275-8
Amba Crane;36;mujer;77484278-0
Isaac Fleming;20;mujer;52258791-5
Haider Hines;19;hombre;24927693-6
Luca Foley;37;mujer;71316667-7
Ariyan Patel;32;hombre;37780063-k
Luqman Marks;21;mujer;15795964-6
Evan Haas;24;hombre;24655915-5
Billy-Joe Ward;22;hombre;12177977-3
Nathaniel Rivas;37;mujer;79974368-k
Harry Hood;50;mujer;42868972-0
Brandy Ponce;41;mujer;25696685-9
Siyana Ballard;23;hombre;95423202-6
Musa Myers;27;hombre;18984900-1
Ace Stephenson;57;mujer;57181678-4
Ashlyn Finch;31;mujer;97163657-2
Mikayla Hume;30;mujer;42714709-6
Nevaeh Gill;46;mujer;88667817-7
Rahul Finley;36;hombre;50814284-6
